                  epoch,         train/box_loss,         train/cls_loss,         train/dfl_loss,   metrics/precision(B),      metrics/recall(B),       metrics/mAP50(B),    metrics/mAP50-95(B),           val/box_loss,           val/cls_loss,           val/dfl_loss,                 lr/pg0,                 lr/pg1,                 lr/pg2
                      0,                 2.1386,                 2.4766,                 1.8712,                0.28279,                0.29584,                0.21126,                0.07973,                 2.2201,                 2.1623,                 1.9203,              0.0033136,              0.0033136,              0.0033136
                      1,                 1.9171,                 1.8385,                 1.6738,                0.30526,                0.30914,                0.26226,                0.09955,                 2.1667,                 1.9784,                 1.8208,               0.006625,               0.006625,               0.006625
                      2,                 1.9293,                 1.8391,                 1.6436,                0.23131,                 0.2818,                0.20095,                0.07668,                  2.233,                 2.2997,                 1.9063,              0.0099144,              0.0099144,              0.0099144
                      3,                 1.9628,                 1.8597,                 1.6611,                0.30874,                0.22815,                0.18435,                 0.0644,                 2.3501,                 2.3934,                 1.8675,               0.009901,               0.009901,               0.009901
