                  epoch,         train/box_loss,         train/cls_loss,         train/dfl_loss,   metrics/precision(B),      metrics/recall(B),       metrics/mAP50(B),    metrics/mAP50-95(B),           val/box_loss,           val/cls_loss,           val/dfl_loss,                 lr/pg0,                 lr/pg1,                 lr/pg2
                      1,                 2.1023,                 2.3426,                 1.9456,                0.27542,                0.36655,                0.24897,                0.09758,                 2.1006,                 1.9192,                 1.8603,              0.0033136,              0.0033136,              0.0033136
                      2,                 1.8554,                 1.7367,                 1.7081,                0.36099,                0.35139,                0.29013,                0.11365,                 2.1271,                 1.9067,                 1.7931,               0.006625,               0.006625,               0.006625
                      3,                 1.8861,                 1.7484,                 1.6911,                0.28479,                0.29602,                0.20354,                0.07317,                 2.3238,                 2.1424,                 1.9804,              0.0099144,              0.0099144,              0.0099144
                      4,                 1.9287,                 1.7862,                 1.7261,                0.35315,                0.28228,                0.23879,                0.08552,                 2.3414,                 2.2202,                  1.978,               0.009901,               0.009901,               0.009901
                      5,                 1.9294,                 1.7861,                 1.7255,                0.31742,                0.28738,                0.22011,                0.07949,                 2.3022,                 2.1385,                 1.9741,               0.009901,               0.009901,               0.009901
