                  epoch,         train/box_loss,         train/cls_loss,         train/dfl_loss,   metrics/precision(B),      metrics/recall(B),       metrics/mAP50(B),    metrics/mAP50-95(B),           val/box_loss,           val/cls_loss,           val/dfl_loss,                 lr/pg0,                 lr/pg1,                 lr/pg2
                      1,                 2.2915,                 1.9703,                 1.8104,                 0.0179,                0.16836,                0.00578,                 0.0021,                 3.5919,                    inf,                 3.2467,             0.00055238,             0.00055238,             0.00055238
                      2,                 2.2381,                 1.7529,                 1.7729,                0.22767,                 0.2513,                0.13506,                0.04031,                 2.5947,                 2.4702,                  2.082,             0.00092522,             0.00092522,             0.00092522
                      3,                 2.1822,                 1.7302,                 1.7413,                0.09303,                0.09462,                0.02699,                0.00655,                 3.9615,                 23.648,                 5.6555,              0.0011147,              0.0011147,              0.0011147
